{
  "timestamp": "2025-10-28T07:36:43.799475",
  "phase": "Phase 02: SWARMCARE Agents",
  "benchmarks": {
    "knowledge": {
      "name": "Knowledge Agent",
      "sla_ms": 2000,
      "sla_met": true,
      "iterations": 20,
      "min_ms": 0.0209808349609375,
      "max_ms": 0.08654594421386719,
      "avg_ms": 0.03921985626220703,
      "median_ms": 0.03445148468017578,
      "p95_ms": 0.08654594421386719,
      "p99_ms": 0.08654594421386719
    },
    "case": {
      "name": "Case Agent",
      "sla_ms": 3000,
      "sla_met": true,
      "iterations": 20,
      "min_ms": 0.04029273986816406,
      "max_ms": 0.5562305450439453,
      "avg_ms": 0.1217961311340332,
      "median_ms": 0.09632110595703125,
      "p95_ms": 0.5562305450439453,
      "p99_ms": 0.5562305450439453
    },
    "conversation": {
      "name": "Conversation Agent",
      "sla_ms": 1000,
      "sla_met": true,
      "iterations": 20,
      "min_ms": 0.03457069396972656,
      "max_ms": 0.5364418029785156,
      "avg_ms": 0.12613534927368164,
      "median_ms": 0.0553131103515625,
      "p95_ms": 0.5364418029785156,
      "p99_ms": 0.5364418029785156
    },
    "compliance": {
      "name": "Compliance Agent",
      "sla_ms": 100,
      "sla_met": true,
      "iterations": 20,
      "min_ms": 0.03147125244140625,
      "max_ms": 0.1380443572998047,
      "avg_ms": 0.04973411560058594,
      "median_ms": 0.04267692565917969,
      "p95_ms": 0.1380443572998047,
      "p99_ms": 0.1380443572998047
    },
    "podcast": {
      "name": "Podcast Agent",
      "sla_ms": 30000,
      "sla_met": true,
      "iterations": 20,
      "min_ms": 0.03528594970703125,
      "max_ms": 0.17976760864257812,
      "avg_ms": 0.06300210952758789,
      "median_ms": 0.055670738220214844,
      "p95_ms": 0.17976760864257812,
      "p99_ms": 0.17976760864257812
    },
    "qa": {
      "name": "QA Agent",
      "sla_ms": 500,
      "sla_met": true,
      "iterations": 20,
      "min_ms": 0.028371810913085938,
      "max_ms": 0.4851818084716797,
      "avg_ms": 0.07544755935668945,
      "median_ms": 0.04887580871582031,
      "p95_ms": 0.4851818084716797,
      "p99_ms": 0.4851818084716797
    }
  }
}